Company,Year,Revenue,COGS,Operating Profit,Net Profit,Total Assets,Current Assets,Total Liabilities,Current Liabilities,Total Debt,Total Equity
TCS,FY22,191754,129426,50699,38449,128984,68542,39120,30215,1500,89864
TCS,FY22,191754,138697,53057,38327,140924,87936,51785,43967,7818,89139
TCS,FY23,225458,166199,59259,42147,142859,83947,52435,44747,7688,90424
TCS,FY24,240893,176597,64296,45908,145472,92542,54983,46962,8021,90489
TCS,FY25,255324,187917,67407,48553,158649,103086,63893,54501,9392,94756
TCS,FY26,267021,194623,72398,49210,181167,113171,73927,62644,11283,107240
Infosys,FY22,121641,90150,31491,22110,116729,70189,41379,35905,5474,75350
Infosys,FY23,146767,111637,35130,24095,124596,75605,49189,40890,8299,75407
Infosys,FY24,153670,117245,36425,26233,136020,83482,47904,39545,8359,88116
Infosys,FY25,162990,123754,39236,26713,147795,92479,51977,43750,8227,95818
Infosys,FY26,178650,136370,42280,29440,154288,98112,61436,52260,9176,92852
Wipro,FY22,79312,62627,16684,12229,107275,41530,41873,24279,17592,65403
Wipro,FY23,90487,73648,16839,11350,116923,38476,39256,21789,17466,77668
Wipro,FY24,89760,73007,16752,11045,114608,36873,40076,23611,16464,74533
Wipro,FY25,89088,71067,18021,13135,127929,38620,45565,26361,19203,82364
Wipro,FY26,92624,74812,17811,13197,140883,41995,52865,32574,20291,88018
HCL Technologies,FY22,85651,65122,20529,13499,88921,47364,27007,20664,6343,61914
HCL Technologies,FY23,101456,78828,22628,14851,93250,53096,27845,23051,4794,65405
HCL Technologies,FY24,109913,85715,24198,15702,99006,56698,30743,24987,5756,68263
HCL Technologies,FY25,117055,91551,25504,17390,104480,60685,34825,28549,6276,69655
HCL Technologies,FY26,130144,103392,26752,16642,115112,70583,39947,34732,5215,75165
Tech Mahindra,FY22,44646,36626,8020,5566,44415,24583,17530,14911,2618,26886
Tech Mahindra,FY23,53290,45527,7762,4831,45827,27387,17903,15162,2740,27925
Tech Mahindra,FY24,51995,47489,4506,2357,43149,25875,16480,13943,2536,26669
Tech Mahindra,FY25,52988,46024,6963,4251,44266,27082,16905,14879,2025,27362
Tech Mahindra,FY26,56815,49341,9032,4810,49167,30851,19552,17366,2186,29615
